product_name,product_type,scenario_id,ingreso_personal_mensual_mxn,price,price_income_pct,PC1,PC2,PC3,PC4,PC5
BX-00 Beyblade 25th Anniversary Set,Set,LOW_01,4001,5199.0,129.94251437140716,2.4752539900758346,2.108707858828319,3.7801644574841085,3.587212420268629,1.3802176740379652
BX-00 Beyblade 25th Anniversary Set,Set,LOW_02,4500,5199.0,115.53333333333332,2.2758879873201856,1.7922642483502664,3.78546488484966,3.4994336125298213,1.3516089541023826
BX-00 Beyblade 25th Anniversary Set,Set,LOW_03,5000,5199.0,103.98,2.116035607154785,1.5385386199890068,3.7897147866311376,3.4290522478478644,1.328670379260245
BX-00 Beyblade 25th Anniversary Set,Set,LOW_04,5500,5199.0,94.52727272727272,1.9852472961103658,1.3309449240570665,3.793191978997801,3.3714674949262626,1.3099024543894053
BX-00 Beyblade 25th Anniversary Set,Set,LOW_05,6000,5199.0,86.65,1.8762570369066836,1.1579501774471168,3.7960896393033536,3.3234802008249282,1.2942625169970388
BX-00 Beyblade 25th Anniversary Set,Set,LOW_06,6500,5199.0,79.98461538461538,1.7840345098881831,1.0115700072386973,3.7985415057157446,3.282875567354568,1.2810287238188827
BX-00 Beyblade 25th Anniversary Set,Set,LOW_07,7000,5199.0,74.27142857142857,1.7049866295866114,0.8861012899171948,3.800643105497794,3.248071595808545,1.26968547252332
BX-00 Beyblade 25th Anniversary Set,Set,LOW_08,7500,5199.0,69.32000000000001,1.6364784666585825,0.7773617349052261,3.80246449197557,3.217908153801992,1.2598546547338325
BX-00 Beyblade 25th Anniversary Set,Set,LOW_09,8000,5199.0,64.9875,1.5765338240965572,0.6822146242697534,3.8040582051436242,3.191515142046258,1.251252689168031
BX-00 Beyblade 25th Anniversary Set,Set,LOW_10,8500,5199.0,61.16470588235294,1.523641492424182,0.5982612913561011,3.805464422644848,3.168227190497081,1.2436627195511472
BX-00 Beyblade 25th Anniversary Set,Set,LOW_11,8999,5199.0,57.773085898433166,1.4767149032395788,0.5237770808902052,3.8067120324381336,3.1475658942232028,1.236928824960504
BX-00 Booster Cobalt Drake 4-60F Clear Ver.,Booster,LOW_01,4001,1599.0,39.96500874781304,-0.990474850242068,0.8545295423594987,-0.17216550632588665,-0.12287274747561218,-0.06761566273670591
BX-00 Booster Cobalt Drake 4-60F Clear Ver.,Booster,LOW_02,4500,1599.0,35.53333333333333,-1.051791687788958,0.7572044157669992,-0.17053531141195757,-0.1498699226197461,-0.07641453620794972
BX-00 Booster Cobalt Drake 4-60F Clear Ver.,Booster,LOW_03,5000,1599.0,31.98,-1.1009557493170357,0.6791687781925321,-0.16922821524950662,-0.17151635503491244,-0.08346950469661638
BX-00 Booster Cobalt Drake 4-60F Clear Ver.,Booster,LOW_04,5500,1599.0,29.07272727272727,-1.1411808905672811,0.615321438358877,-0.16815877293477402,-0.1892270724655031,-0.08924175164188908
BX-00 Booster Cobalt Drake 4-60F Clear Ver.,Booster,LOW_05,6000,1599.0,26.65,-1.1747018416091524,0.5621153218308312,-0.1672675710058302,-0.20398600365766198,-0.09405195742961633
BX-00 Booster Cobalt Drake 4-60F Clear Ver.,Booster,LOW_06,6500,1599.0,24.6,-1.2030657232599662,0.5170947616917155,-0.16651347706595468,-0.21647433005102718,-0.09812213155769323
BX-00 Booster Cobalt Drake 4-60F Clear Ver.,Booster,LOW_07,7000,1599.0,22.84285714285714,-1.227377621817807,0.4785057101439021,-0.16586711083177566,-0.22717860981676877,-0.10161085223890201
BX-00 Booster Cobalt Drake 4-60F Clear Ver.,Booster,LOW_08,7500,1599.0,21.32,-1.2484479339012688,0.44506186546913046,-0.16530692676215378,-0.2364556522804115,-0.10463441016261629
BX-00 Booster Cobalt Drake 4-60F Clear Ver.,Booster,LOW_09,8000,1599.0,19.9875,-1.2668844569742979,0.41579850137870533,-0.16481676570123469,-0.24457306443609886,-0.10728002334586631
BX-00 Booster Cobalt Drake 4-60F Clear Ver.,Booster,LOW_10,8500,1599.0,18.811764705882357,-1.283151977332853,0.3899778860048008,-0.16438427064748254,-0.25173548692641123,-0.10961438791932218
BX-00 Booster Cobalt Drake 4-60F Clear Ver.,Booster,LOW_11,8999,1599.0,17.76864096010668,-1.297584679026675,0.3670695858441991,-0.16400055684493145,-0.2580900575634436,-0.11168545878880454
BX-00 Booster Cobalt Drake 4-60F Metal Coat: Blue Ver.,Booster,LOW_01,4001,4699.0,117.44563859035242,0.8516310777105246,3.7889925519993795,-0.8060090558127787,0.12403831764479849,-0.07949201165052622
BX-00 Booster Cobalt Drake 4-60F Metal Coat: Blue Ver.,Booster,LOW_02,4500,4699.0,104.42222222222222,0.6714385701227586,3.502982064283209,-0.8012183829543967,0.04470140332191801,-0.1053493640216174
BX-00 Booster Cobalt Drake 4-60F Metal Coat: Blue Ver.,Booster,LOW_03,5000,4699.0,93.98,0.5269595675458754,3.273657823531226,-0.7973772041755619,-0.01891122076742947,-0.1260818824257728
BX-00 Booster Cobalt Drake 4-60F Metal Coat: Blue Ver.,Booster,LOW_04,5500,4699.0,85.43636363636364,0.40874947452842497,3.086028899279603,-0.7942344215383333,-0.0709579132041683,-0.14304485202917275
BX-00 Booster Cobalt Drake 4-60F Metal Coat: Blue Ver.,Booster,LOW_05,6000,4699.0,78.31666666666666,0.31024106368054966,2.9296714624032507,-0.7916154360073094,-0.11433015690145075,-0.157180660032006
BX-00 Booster Cobalt Drake 4-60F Metal Coat: Blue Ver.,Booster,LOW_06,6500,4699.0,72.29230769230769,0.22688779296311679,2.7973690158155677,-0.7893993713272124,-0.15102974772222813,-0.16914172834209568
BX-00 Booster Cobalt Drake 4-60F Metal Coat: Blue Ver.,Booster,LOW_07,7000,4699.0,67.12857142857143,0.1554421323481744,2.6839669187404116,-0.7874998873157008,-0.182486539854323,-0.1793940726078868
BX-00 Booster Cobalt Drake 4-60F Metal Coat: Blue Ver.,Booster,LOW_08,7500,4699.0,62.653333333333336,0.09352255981522414,2.5856851012752755,-0.7858536678390572,-0.20974909303547196,-0.18827943763823918
BX-00 Booster Cobalt Drake 4-60F Metal Coat: Blue Ver.,Booster,LOW_09,8000,4699.0,58.7375,0.03934293384889251,2.499688510993282,-0.7844132257969941,-0.23360382706897734,-0.1960541320397975
BX-00 Booster Cobalt Drake 4-60F Metal Coat: Blue Ver.,Booster,LOW_10,8500,4699.0,55.28235294117647,-0.008462618474340959,2.4238091666268167,-0.7831422475245854,-0.2546521218044232,-0.20291415651176065
BX-00 Booster Cobalt Drake 4-60F Metal Coat: Blue Ver.,Booster,LOW_11,8999,4699.0,52.216912990332254,-0.0508761677296691,2.356488277036656,-0.7820146232855688,-0.2733263728509617,-0.20900043669668722
BX-00 Booster Draciel Shield 7-60D,Booster,LOW_01,4001,599.0,14.971257185703571,-0.7936062979941199,-0.5934813816240406,-0.12736063495892938,0.004656538628375579,-0.2616133883301876
BX-00 Booster Draciel Shield 7-60D,Booster,LOW_02,4500,599.0,13.311111111111112,-0.8165761452052437,-0.6299402626927755,-0.12674994905933998,-0.005456849683904707,-0.2649095266724484
BX-00 Booster Draciel Shield 7-60D,Booster,LOW_03,5000,599.0,11.98,-0.8349934515562872,-0.6591731250486891,-0.12626029890217425,-0.013565800913851357,-0.26755238228515094
BX-00 Booster Draciel Shield 7-60D,Booster,LOW_04,5500,599.0,10.89090909090909,-0.8500621567525956,-0.6830909215217094,-0.1258596760463113,-0.02020039737471675,-0.26971471869554386
BX-00 Booster Draciel Shield 7-60D,Booster,LOW_05,6000,599.0,9.983333333333333,-0.8626194110828526,-0.7030224185825595,-0.12552582366642553,-0.0257292277587713,-0.2715166657042047
BX-00 Booster Draciel Shield 7-60D,Booster,LOW_06,6500,599.0,9.215384615384616,-0.8732447801315314,-0.7198875314802019,-0.12524333319113753,-0.03040746885297121,-0.2730413900961484
BX-00 Booster Draciel Shield 7-60D,Booster,LOW_07,7000,599.0,8.557142857142857,-0.8823522393161134,-0.7343433425353241,-0.12500119849803357,-0.03441738979085693,-0.2743482967178145
BX-00 Booster Draciel Shield 7-60D,Booster,LOW_08,7500,599.0,7.986666666666667,-0.8902453706094177,-0.7468717121164299,-0.12479134843067682,-0.03789265460369118,-0.27548094912325843
BX-00 Booster Draciel Shield 7-60D,Booster,LOW_09,8000,599.0,7.4875,-0.897151860491059,-0.7578340354998976,-0.12460772962173963,-0.04093351131492117,-0.2764720199780219
BX-00 Booster Draciel Shield 7-60D,Booster,LOW_10,8500,599.0,7.047058823529412,-0.9032458221513308,-0.7675066737794278,-0.1244457130256186,-0.04361662017777115,-0.2773464942616367
BX-00 Booster Draciel Shield 7-60D,Booster,LOW_11,8999,599.0,6.656295143904877,-0.9086524439866024,-0.7760883321885588,-0.12430197033160476,-0.0459971003601241,-0.27812233631968547
BX-00 Booster Dragoon Storm 4-60RA,Booster,LOW_01,4001,599.0,14.971257185703571,-1.6152669191174411,-0.07195419171075473,0.042004187133001004,-0.20914341641385856,-0.054717663784453856
BX-00 Booster Dragoon Storm 4-60RA,Booster,LOW_02,4500,599.0,13.311111111111112,-1.6382367663285649,-0.1084130727794896,0.04261487303259041,-0.21925680472613884,-0.05801380212671466
BX-00 Booster Dragoon Storm 4-60RA,Booster,LOW_03,5000,599.0,11.98,-1.6566540726796084,-0.13764593513540319,0.043104523189756196,-0.2273657559560855,-0.06065665773941719
BX-00 Booster Dragoon Storm 4-60RA,Booster,LOW_04,5500,599.0,10.89090909090909,-1.6717227778759167,-0.16156373160842347,0.04350514604561915,-0.23400035241695089,-0.06281899414981015
BX-00 Booster Dragoon Storm 4-60RA,Booster,LOW_05,6000,599.0,9.983333333333333,-1.6842800322061737,-0.18149522866927364,0.043838998425504906,-0.23952918280100544,-0.06462094115847097
BX-00 Booster Dragoon Storm 4-60RA,Booster,LOW_06,6500,599.0,9.215384615384616,-1.6949054012548526,-0.19836034156691607,0.044121488900792906,-0.24420742389520536,-0.0661456655504147
BX-00 Booster Dragoon Storm 4-60RA,Booster,LOW_07,7000,599.0,8.557142857142857,-1.7040128604394347,-0.21281615262203823,0.044363623593896874,-0.24821734483309107,-0.06745257217208081
BX-00 Booster Dragoon Storm 4-60RA,Booster,LOW_08,7500,599.0,7.986666666666667,-1.7119059917327388,-0.22534452220314405,0.04457347366125362,-0.2516926096459253,-0.06858522457752472
BX-00 Booster Dragoon Storm 4-60RA,Booster,LOW_09,8000,599.0,7.4875,-1.7188124816143802,-0.23630684558661175,0.04475709247019081,-0.2547334663571553,-0.06957629543228819
BX-00 Booster Dragoon Storm 4-60RA,Booster,LOW_10,8500,599.0,7.047058823529412,-1.724906443274652,-0.245979483866142,0.04491910906631184,-0.25741657522000533,-0.070450769715903
BX-00 Booster Dragoon Storm 4-60RA,Booster,LOW_11,8999,599.0,6.656295143904877,-1.7303130651099237,-0.25456114227527293,0.045062851760325685,-0.25979705540235826,-0.07122661177395173
BX-00 Booster Dran Sword 3-60F Version 2.0,Booster,LOW_01,4001,999.0,24.968757810547363,0.4601531644957538,-0.8655503551721435,-0.44604529523777103,0.29016360971484745,-0.5300523149855296
BX-00 Booster Dran Sword 3-60F Version 2.0,Booster,LOW_02,4500,999.0,22.2,0.4218445211503233,-0.9263557344503844,-0.4450268057324458,0.27329670666982564,-0.5355495473793837
BX-00 Booster Dran Sword 3-60F Version 2.0,Booster,LOW_03,5000,999.0,19.98,0.3911285127284661,-0.9751097068937195,-0.4442101771731659,0.25977276296579116,-0.5399572481424718
BX-00 Booster Dran Sword 3-60F Version 2.0,Booster,LOW_04,5500,999.0,18.163636363636364,0.365997233110583,-1.0149993207109935,-0.4435420265337551,0.24870771811703563,-0.5435635487668167
BX-00 Booster Dran Sword 3-60F Version 2.0,Booster,LOW_05,6000,999.0,16.650000000000002,0.34505450009568034,-1.0482406655587218,-0.4429852343342461,0.2394868474097394,-0.546568799287104
BX-00 Booster Dran Sword 3-60F Version 2.0,Booster,LOW_06,6500,999.0,15.369230769230768,0.3273337260061474,-1.0763679573529537,-0.44251410247312317,0.2316845721958733,-0.549111703573501
BX-00 Booster Dran Sword 3-60F Version 2.0,Booster,LOW_07,7000,999.0,14.27142857142857,0.31214449107226205,-1.1004770646051523,-0.44211027516358914,0.22499690772684527,-0.5512913358189842
BX-00 Booster Dran Sword 3-60F Version 2.0,Booster,LOW_08,7500,999.0,13.320000000000002,0.29898048746289474,-1.1213716242237244,-0.44176029149532636,0.21920093185368766,-0.5531803504317363
BX-00 Booster Dran Sword 3-60F Version 2.0,Booster,LOW_09,8000,999.0,12.4875,0.28746198430469827,-1.1396543638899752,-0.4414540557855964,0.21412945296467467,-0.5548332382178943
BX-00 Booster Dran Sword 3-60F Version 2.0,Booster,LOW_10,8500,999.0,11.75294117647059,0.2772985991651131,-1.155786193007255,-0.44118384780642295,0.20965461865083973,-0.5562916686174455
BX-00 Booster Dran Sword 3-60F Version 2.0,Booster,LOW_11,8999,999.0,11.101233470385598,0.26828154538642135,-1.1700985081169744,-0.44094411666899413,0.205684502286615,-0.5575856022000677
BX-00 Booster Dranzer Spiral 3-80T,Booster,LOW_01,4001,599.0,14.971257185703571,-1.4961187726621827,-0.14687842645434412,0.020775398436408528,-0.1768381328613124,-0.0833781684623673
BX-00 Booster Dranzer Spiral 3-80T,Booster,LOW_02,4500,599.0,13.311111111111112,-1.5190886198733067,-0.18333730752307897,0.021386084335997944,-0.18695152117359268,-0.0866743068046281
BX-00 Booster Dranzer Spiral 3-80T,Booster,LOW_03,5000,599.0,11.98,-1.5375059262243502,-0.21257016987899258,0.021875734493163733,-0.19506047240353933,-0.08931716241733063
BX-00 Booster Dranzer Spiral 3-80T,Booster,LOW_04,5500,599.0,10.89090909090909,-1.5525746314206585,-0.2364879663520128,0.022276357349026686,-0.20169506886440472,-0.09147949882772359
BX-00 Booster Dranzer Spiral 3-80T,Booster,LOW_05,6000,599.0,9.983333333333333,-1.5651318857509156,-0.256419463412863,0.022610209728912443,-0.20722389924845927,-0.09328144583638441
BX-00 Booster Dranzer Spiral 3-80T,Booster,LOW_06,6500,599.0,9.215384615384616,-1.5757572547995944,-0.27328457631050534,0.022892700204200443,-0.2119021403426592,-0.09480617022832814
BX-00 Booster Dranzer Spiral 3-80T,Booster,LOW_07,7000,599.0,8.557142857142857,-1.5848647139841763,-0.2877403873656275,0.02313483489730441,-0.2159120612805449,-0.09611307684999425
BX-00 Booster Dranzer Spiral 3-80T,Booster,LOW_08,7500,599.0,7.986666666666667,-1.5927578452774807,-0.30026875694673333,0.023344684964661154,-0.21938732609337916,-0.09724572925543816
BX-00 Booster Dranzer Spiral 3-80T,Booster,LOW_09,8000,599.0,7.4875,-1.599664335159122,-0.311231080330201,0.023528303773598346,-0.22242818280460916,-0.09823680011020162
BX-00 Booster Dranzer Spiral 3-80T,Booster,LOW_10,8500,599.0,7.047058823529412,-1.6057582968193937,-0.32090371860973127,0.023690320369719374,-0.22511129166745913,-0.09911127439381644
BX-00 Booster Dranzer Spiral 3-80T,Booster,LOW_11,8999,599.0,6.656295143904877,-1.6111649186546653,-0.3294853770188622,0.023834063063733223,-0.2274917718498121,-0.09988711645186517
BX-00 Booster Dranzer Spiral 3-80T Black Ver.,Booster,LOW_01,4001,699.0,17.47063234191452,-1.4366960007927443,-0.05221832936918659,0.0003288323239281007,-0.16887325979291204,-0.08376127649184538
BX-00 Booster Dranzer Spiral 3-80T Black Ver.,Booster,LOW_02,4500,699.0,15.533333333333331,-1.463500547037445,-0.09476383499029807,0.0010414691249515174,-0.18067502678837774,-0.08760768834700451
BX-00 Booster Dranzer Spiral 3-80T Black Ver.,Booster,LOW_03,5000,699.0,13.98,-1.4849925289061918,-0.12887697486806704,0.0016128638826458164,-0.19013772613684632,-0.09069175524730343
BX-00 Booster Dranzer Spiral 3-80T Black Ver.,Booster,LOW_04,5500,699.0,12.709090909090907,-1.5025768777078938,-0.1567877256771507,0.002080368684395713,-0.19787993469468426,-0.09321508271118438
BX-00 Booster Dranzer Spiral 3-80T Black Ver.,Booster,LOW_05,6000,699.0,11.65,-1.5172305017093122,-0.1800466846847204,0.0024699560191873207,-0.20433177515954917,-0.09531785559775181
BX-00 Booster Dranzer Spiral 3-80T Black Ver.,Booster,LOW_06,6500,699.0,10.753846153846156,-1.5296297220182045,-0.19972734230651012,0.002799606840934006,-0.20979102478366565,-0.09709712496330887
BX-00 Booster Dranzer Spiral 3-80T Black Ver.,Booster,LOW_07,7000,699.0,9.985714285714286,-1.5402576251401123,-0.2165964774109015,0.0030821646881454903,-0.21447038160433698,-0.09862221299092926
BX-00 Booster Dranzer Spiral 3-80T Black Ver.,Booster,LOW_08,7500,699.0,9.32,-1.5494684745124325,-0.23121639450137388,0.0033270481557287693,-0.21852582418225208,-0.0999439559482002
BX-00 Booster Dranzer Spiral 3-80T Black Ver.,Booster,LOW_09,8000,699.0,8.737499999999999,-1.5575279677132126,-0.24400882195553714,0.0035413211898641175,-0.2220743364379278,-0.1011004810358123
BX-00 Booster Dranzer Spiral 3-80T Black Ver.,Booster,LOW_10,8500,699.0,8.223529411764705,-1.5646392852433126,-0.2552962579445049,0.0037303856317482745,-0.22520537666352403,-0.10212094434841122
BX-00 Booster Dranzer Spiral 3-80T Black Ver.,Booster,LOW_11,8999,699.0,7.767529725525059,-1.5709485150644393,-0.2653105805287828,0.003898125436615836,-0.2279832658913449,-0.10302630928760333
BX-00 Booster Drigger Slash 4-80P,Booster,LOW_01,4001,599.0,14.971257185703571,-1.2591075995810757,-0.2967993229130019,-0.025631703651740646,-0.11420992577678746,-0.14207270927288562
BX-00 Booster Drigger Slash 4-80P,Booster,LOW_02,4500,599.0,13.311111111111112,-1.2820774467921994,-0.33325820398173667,-0.025021017752151244,-0.12432331408906774,-0.14536884761514643
BX-00 Booster Drigger Slash 4-80P,Booster,LOW_03,5000,599.0,11.98,-1.300494753143243,-0.36249106633765027,-0.024531367594985455,-0.13243226531901436,-0.14801170322784896
BX-00 Booster Drigger Slash 4-80P,Booster,LOW_04,5500,599.0,10.89090909090909,-1.3155634583395512,-0.38640886281067055,-0.024130744739122502,-0.13906686177987976,-0.1501740396382419
BX-00 Booster Drigger Slash 4-80P,Booster,LOW_05,6000,599.0,9.983333333333333,-1.3281207126698082,-0.40634035987152073,-0.023796892359236745,-0.1445956921639343,-0.15197598664690273
BX-00 Booster Drigger Slash 4-80P,Booster,LOW_06,6500,599.0,9.215384615384616,-1.338746081718487,-0.4232054727691631,-0.023514401883948745,-0.14927393325813423,-0.15350071103884647
BX-00 Booster Drigger Slash 4-80P,Booster,LOW_07,7000,599.0,8.557142857142857,-1.3478535409030692,-0.43766128382428526,-0.023272267190844777,-0.15328385419601995,-0.15480761766051257
BX-00 Booster Drigger Slash 4-80P,Booster,LOW_08,7500,599.0,7.986666666666667,-1.3557466721963733,-0.4501896534053911,-0.023062417123488034,-0.1567591190088542,-0.15594027006595648
BX-00 Booster Drigger Slash 4-80P,Booster,LOW_09,8000,599.0,7.4875,-1.3626531620780147,-0.4611519767888588,-0.022878798314550843,-0.1597999757200842,-0.15693134092071995
BX-00 Booster Drigger Slash 4-80P,Booster,LOW_10,8500,599.0,7.047058823529412,-1.3687471237382864,-0.470824615068389,-0.022716781718429814,-0.16248308458293417,-0.15780581520433476
BX-00 Booster Drigger Slash 4-80P,Booster,LOW_11,8999,599.0,6.656295143904877,-1.3741537455735582,-0.47940627347751996,-0.022573039024415965,-0.16486356476528713,-0.1585816572623835
BX-00 Booster Hells Chain 5-60HT Metal Coat: Black,Booster,LOW_01,4001,1099.0,27.46813296675831,-0.3722734443052421,-0.2002792940801304,-0.26114731169137306,0.07447695204534945,-0.297203225729242
BX-00 Booster Hells Chain 5-60HT Metal Coat: Black,Booster,LOW_02,4500,1099.0,24.422222222222224,-0.4144167866842492,-0.26717129791074773,-0.2600268712846138,0.05592167031714228,-0.3032507316359943
BX-00 Booster Hells Chain 5-60HT Metal Coat: Black,Booster,LOW_03,5000,1099.0,21.98,-0.44820747062380983,-0.3208055478759382,-0.25912849812480543,0.041043978494585784,-0.3080996436866789
BX-00 Booster Hells Chain 5-60HT Metal Coat: Black,Booster,LOW_04,5500,1099.0,19.98181818181818,-0.4758543938470867,-0.36468811602927576,-0.2583934655395077,0.02887132154885776,-0.31206693536451174
BX-00 Booster Hells Chain 5-60HT Metal Coat: Black,Booster,LOW_05,6000,1099.0,18.316666666666663,-0.4988934965331508,-0.4012569228237239,-0.2577809383850929,0.018727440760751047,-0.31537301176270577
BX-00 Booster Hells Chain 5-60HT Metal Coat: Black,Booster,LOW_06,6500,1099.0,16.907692307692308,-0.5183881218828972,-0.4321997593421028,-0.25726264617751116,0.010144157016968485,-0.3181704610227161
BX-00 Booster Hells Chain 5-60HT Metal Coat: Black,Booster,LOW_07,7000,1099.0,15.7,-0.5350978007541085,-0.45872219064357056,-0.25681839571386966,0.002787056665154819,-0.32056827467415355
BX-00 Booster Hells Chain 5-60HT Metal Coat: Black,Booster,LOW_08,7500,1099.0,14.653333333333332,-0.5495795224424916,-0.48170829777150936,-0.25643337864538035,-0.0035890969730836665,-0.3226463798387326
BX-00 Booster Hells Chain 5-60HT Metal Coat: Black,Booster,LOW_09,8000,1099.0,13.7375,-0.5622510289198268,-0.5018211415084557,-0.2560964887104522,-0.009168231406542339,-0.32446472185773934
BX-00 Booster Hells Chain 5-60HT Metal Coat: Black,Booster,LOW_10,8500,1099.0,12.929411764705884,-0.5734317699292402,-0.519567768335173,-0.2557992328855156,-0.014090997083123514,-0.3260691412862747
BX-00 Booster Hells Chain 5-60HT Metal Coat: Black,Booster,LOW_11,8999,1099.0,12.21246805200578,-0.5833514316937871,-0.5353127476200396,-0.2555355046372332,-0.018458522492816192,-0.32749259775004025
BX-00 Booster Hell's Scythe 4-60T Metal Coat: Gold,Booster,LOW_01,4001,1999.0,49.96250937265684,-0.5973917722005496,1.1327286007364823,-0.29457288305629864,-0.0539388438896608,-0.1117356252325918
BX-00 Booster Hell's Scythe 4-60T Metal Coat: Gold,Booster,LOW_02,4500,1999.0,44.422222222222224,-0.6740474058817464,1.0110569759344765,-0.29253488453663373,-0.08768953376653624,-0.12273559275542885
BX-00 Booster Hell's Scythe 4-60T Metal Coat: Gold,Booster,LOW_03,5000,1999.0,39.98,-0.7355101694806377,0.9135002282725879,-0.29090080997206874,-0.11475095865579049,-0.13155540639448113
BX-00 Booster Hell's Scythe 4-60T Metal Coat: Gold,Booster,LOW_04,5500,1999.0,36.345454545454544,-0.785797885152458,0.833681071094679,-0.28956383987378825,-0.13689212447427124,-0.13877161755370573
BX-00 Booster Hell's Scythe 4-60T Metal Coat: Gold,Booster,LOW_05,6000,1999.0,33.31666666666667,-0.8277043148789748,0.767165106779755,-0.2884496981252212,-0.1553430959896718,-0.14478512685305955
BX-00 Booster Hell's Scythe 4-60T Metal Coat: Gold,Booster,LOW_06,6500,1999.0,30.753846153846155,-0.8631636015706429,0.7108823677440501,-0.28750696279951066,-0.1709554565027031,-0.14987348087558974
BX-00 Booster Hell's Scythe 4-60T Metal Coat: Gold,Booster,LOW_07,7000,1999.0,28.557142857142857,-0.893557275877787,0.66264001999916,-0.2866989039489016,-0.1843374797995871,-0.15423492718061563
BX-00 Booster Hell's Scythe 4-60T Metal Coat: Gold,Booster,LOW_08,7500,1999.0,26.653333333333336,-0.9198984602773118,0.6208299852869221,-0.28599858627837366,-0.19593523332355317,-0.15801484731163803
BX-00 Booster Hell's Scythe 4-60T Metal Coat: Gold,Booster,LOW_09,8000,1999.0,24.9875,-0.9429469966268961,0.5842462049137138,-0.28538580831666177,-0.20608326765702353,-0.16132227742628263
BX-00 Booster Hell's Scythe 4-60T Metal Coat: Gold,Booster,LOW_10,8500,1999.0,23.517647058823528,-0.9632839404647646,0.5519663987020594,-0.28484512187985717,-0.2150374155983209,-0.16424059811567496
BX-00 Booster Hell's Scythe 4-60T Metal Coat: Gold,Booster,LOW_11,8999,1999.0,22.2135792865874,-0.9813270741020067,0.5233274418408697,-0.2843654196338912,-0.222981622417225,-0.16682976050973075
BX-00 Booster Leon Claw 5-60P Metal Coat: Gold,Booster,LOW_01,4001,1699.0,42.464383904024,0.17413910752363698,0.23798371326900333,-0.4665216146594666,0.1546407991272531,-0.3648530841854104
BX-00 Booster Leon Claw 5-60P Metal Coat: Gold,Booster,LOW_02,4500,1699.0,37.75555555555555,0.10898757094317008,0.13457196212412703,-0.46478946884410366,0.1259552452999337,-0.37420223116955253
BX-00 Booster Leon Claw 5-60P Metal Coat: Gold,Booster,LOW_03,5000,1699.0,33.98,0.056748833897388974,0.05165604702780449,-0.46340062808112414,0.10295506476624537,-0.38169841094581564
BX-00 Booster Leon Claw 5-60P Metal Coat: Gold,Booster,LOW_04,5500,1699.0,30.89090909090909,0.01400804904174994,-0.01618424714191389,-0.46226430382050454,0.08413673523868222,-0.3878316489445763
BX-00 Booster Leon Claw 5-60P Metal Coat: Gold,Booster,LOW_05,6000,1699.0,28.316666666666663,-0.021609271671282716,-0.07271782561667932,-0.4613173669366549,0.06845479396571287,-0.3929426806102102
BX-00 Booster Leon Claw 5-60P Metal Coat: Gold,Booster,LOW_06,6500,1699.0,26.138461538461534,-0.051747004582310276,-0.12055393047994233,-0.46051611265032066,0.05518545904243112,-0.39726739971190045
BX-00 Booster Leon Claw 5-60P Metal Coat: Gold,Booster,LOW_07,7000,1699.0,24.27142857142857,-0.07757934707747674,-0.1615563060770249,-0.4598293232620341,0.04381174339390394,-0.40097430179906346
BX-00 Booster Leon Claw 5-60P Metal Coat: Gold,Booster,LOW_08,7500,1699.0,22.65333333333333,-0.09996737723995439,-0.19709169826116316,-0.4592341057921858,0.03395452316518037,-0.40418695027460483
BX-00 Booster Leon Claw 5-60P Metal Coat: Gold,Booster,LOW_09,8000,1699.0,21.2375,-0.11955690363212228,-0.22818516642228398,-0.45871329050606846,0.025329455465047324,-0.40699801769070343
BX-00 Booster Leon Claw 5-60P Metal Coat: Gold,Booster,LOW_10,8500,1699.0,19.988235294117647,-0.1368417798605057,-0.255620579505626,-0.45825374760655324,0.017719101611988686,-0.4094783712931434
BX-00 Booster Leon Claw 5-60P Metal Coat: Gold,Booster,LOW_11,8999,1699.0,18.87987554172686,-0.1521770895401827,-0.27996154384137467,-0.4578460366931484,0.010967121929488387,-0.4116789650437691
BX-00 Booster Mammoth Task Metal Coat: Black,Booster,LOW_01,4001,1099.0,27.46813296675831,-1.7316719436046835,-0.5303405811025727,-3.115999008252004,2.292273045593982,2.9345536586014225
BX-00 Booster Mammoth Task Metal Coat: Black,Booster,LOW_02,4500,1099.0,24.422222222222224,-1.7738152859836904,-0.59723258493319,-3.1148785678452446,2.2737177638657746,2.9285061526946703
BX-00 Booster Mammoth Task Metal Coat: Black,Booster,LOW_03,5000,1099.0,21.98,-1.8076059699232512,-0.6508668348983804,-3.1139801946854364,2.2588400720432182,2.9236572406439856
BX-00 Booster Mammoth Task Metal Coat: Black,Booster,LOW_04,5500,1099.0,19.98181818181818,-1.835252893146528,-0.694749403051718,-3.1132451621001387,2.24666741509749,2.9196899489661527
BX-00 Booster Mammoth Task Metal Coat: Black,Booster,LOW_05,6000,1099.0,18.316666666666663,-1.858291995832592,-0.7313182098461661,-3.1126326349457236,2.2365235343093834,2.9163838725679585
BX-00 Booster Mammoth Task Metal Coat: Black,Booster,LOW_06,6500,1099.0,16.907692307692308,-1.8777866211823384,-0.7622610463645451,-3.112114342738142,2.227940250565601,2.9135864233079483
BX-00 Booster Mammoth Task Metal Coat: Black,Booster,LOW_07,7000,1099.0,15.7,-1.8944963000535497,-0.7887834776660129,-3.1116700922745006,2.220583150213787,2.9111886096565107
BX-00 Booster Mammoth Task Metal Coat: Black,Booster,LOW_08,7500,1099.0,14.653333333333332,-1.908978021741933,-0.8117695847939517,-3.1112850752060113,2.2142069965755486,2.909110504491932
BX-00 Booster Mammoth Task Metal Coat: Black,Booster,LOW_09,8000,1099.0,13.7375,-1.921649528219268,-0.831882428530898,-3.110948185271083,2.20862786214209,2.907292162472925
BX-00 Booster Mammoth Task Metal Coat: Black,Booster,LOW_10,8500,1099.0,12.929411764705884,-1.9328302692286814,-0.8496290553576153,-3.1106509294461464,2.203705096465509,2.90568774304439
BX-00 Booster Mammoth Task Metal Coat: Black,Booster,LOW_11,8999,1099.0,12.21246805200578,-1.9427499309932283,-0.8653740346424817,-3.110387201197864,2.1993375710558163,2.904264286580624
BX-00 Booster Rock Leone 6-80GN,Booster,LOW_01,4001,799.0,19.97000749812547,-1.64701202536084,0.21547795244724469,0.04415030472991687,-0.22770619177862744,-0.012733025608509791
BX-00 Booster Rock Leone 6-80GN,Booster,LOW_02,4500,799.0,17.755555555555556,-1.6776512706391171,0.1668458222737568,0.04496489243237422,-0.2411963374572785,-0.017129710976567205
BX-00 Booster Rock Leone 6-80GN,Booster,LOW_03,5000,799.0,15.98,-1.7022179280255676,0.12785240487413232,0.04561803179059703,-0.2520127849242691,-0.020654989164462564
BX-00 Booster Rock Leone 6-80GN,Booster,LOW_04,5500,799.0,14.527272727272727,-1.7223179204326633,0.09594869972898512,0.04615241853823392,-0.26086260557907953,-0.023539307681831458
BX-00 Booster Rock Leone 6-80GN,Booster,LOW_05,6000,799.0,13.316666666666666,-1.739067914105243,0.0693622787746958,0.04659774082793127,-0.2682374561247549,-0.02594290644630556
BX-00 Booster Rock Leone 6-80GN,Booster,LOW_06,6500,799.0,12.292307692307691,-1.7532409856743492,0.04686607642875862,0.04697455199613675,-0.274477714278788,-0.02797672078547597
BX-00 Booster Rock Leone 6-80GN,Booster,LOW_07,7000,799.0,11.414285714285716,-1.7653893327335826,0.02758361727509828,0.04729753299745575,-0.2798265069822448,-0.029719990219050568
BX-00 Booster Rock Leone 6-80GN,Booster,LOW_08,7500,799.0,10.653333333333332,-1.7759179001849186,0.010872152675259313,0.04757744986526551,-0.2844621273252408,-0.03123082372814857
BX-00 Booster Rock Leone 6-80GN,Booster,LOW_09,8000,799.0,9.9875,-1.7851303967048373,-0.0037503788495998327,0.04782237712459907,-0.28851829512536226,-0.03255280304860931
BX-00 Booster Rock Leone 6-80GN,Booster,LOW_10,8500,799.0,9.4,-1.7932590701047657,-0.016652612548004875,0.04803848941224636,-0.2920972667137047,-0.033719255390192306
BX-00 Booster Rock Leone 6-80GN,Booster,LOW_11,8999,799.0,8.87876430714524,-1.8004709079117476,-0.028099599307430008,0.04823022632796763,-0.2952725649869935,-0.034754143210527784
BX-00 Booster Shark Edge 5-60GF Metal Coat: Blue,Booster,LOW_01,4001,1799.0,44.96375906023494,0.09291304930992861,0.4287160882517983,-0.42571269462882766,0.13862448058713372,-0.316827888304296
BX-00 Booster Shark Edge 5-60GF Metal Coat: Blue,Booster,LOW_02,4500,1799.0,39.97777777777778,0.0239268136958852,0.3192177125545457,-0.42387859791203064,0.10825054807662902,-0.3267273088013364
BX-00 Booster Shark Edge 5-60GF Metal Coat: Blue,Booster,LOW_03,5000,1799.0,35.980000000000004,-0.03138659886759929,0.2314215199363678,-0.42240801254852267,0.08389661942441871,-0.33466469986519587
BX-00 Booster Shark Edge 5-60GF Metal Coat: Blue,Booster,LOW_04,5500,1799.0,32.70909090909091,-0.07664302732863212,0.15958827143058582,-0.42120480634201607,0.06397067779988301,-0.34115892891744454
BX-00 Booster Shark Edge 5-60GF Metal Coat: Blue,Booster,LOW_05,6000,1799.0,29.98333333333333,-0.11435671771282621,0.09972723100910078,-0.4202021345032607,0.04736572644610325,-0.34657078646098505
BX-00 Booster Shark Edge 5-60GF Metal Coat: Blue,Booster,LOW_06,6500,1799.0,27.67692307692308,-0.14626830188406717,0.049075581421690634,-0.41935371987046766,0.03331538299290503,-0.3511500505362886
BX-00 Booster Shark Edge 5-60GF Metal Coat: Blue,Booster,LOW_07,7000,1799.0,25.7,-0.17362108831655962,0.005659881775338799,-0.4186265073280736,0.02127223146159223,-0.35507513402940594
BX-00 Booster Shark Edge 5-60GF Metal Coat: Blue,Booster,LOW_08,7500,1799.0,23.986666666666668,-0.19732683655805291,-0.03196705791816595,-0.41799625645799876,0.01083483346778784,-0.3584768730567743
BX-00 Booster Shark Edge 5-60GF Metal Coat: Blue,Booster,LOW_09,8000,1799.0,22.4875,-0.2180693662693596,-0.06489063014998273,-0.4174447869466832,0.0017021102232089886,-0.3614533947057216
BX-00 Booster Shark Edge 5-60GF Metal Coat: Blue,Booster,LOW_10,8500,1799.0,21.16470588235294,-0.2363715983675714,-0.09394084094276219,-0.41695819620140484,-0.006356174992595911,-0.36407973733714566
BX-00 Booster Shark Edge 5-60GF Metal Coat: Blue,Booster,LOW_11,8999,1799.0,19.99111012334704,-0.25260951603310355,-0.119714469453658,-0.4165264881771463,-0.013505563720564133,-0.36640985396891473
BX-00 Starter Cobalt Dragoon 9-60F Metal Coat: White J.League Ver.,Starter,LOW_01,4001,1999.0,49.96250937265684,3.022331828618304,-1.1833966535535057,-0.12669792180266634,0.22161588293355278,-0.9493011810895446
BX-00 Starter Cobalt Dragoon 9-60F Metal Coat: White J.League Ver.,Starter,LOW_02,4500,1999.0,44.422222222222224,2.9456761949371075,-1.3050682783555112,-0.12465992328300143,0.18786519305667732,-0.9603011486123817
BX-00 Starter Cobalt Dragoon 9-60F Metal Coat: White J.League Ver.,Starter,LOW_03,5000,1999.0,39.98,2.8842134313382157,-1.4026250260174,-0.12302584871843644,0.16080376816742303,-0.969120962251434
BX-00 Starter Cobalt Dragoon 9-60F Metal Coat: White J.League Ver.,Starter,LOW_04,5500,1999.0,36.345454545454544,2.8339257156663957,-1.4824441831953088,-0.12168887862015595,0.1386626023489423,-0.9763371734106586
BX-00 Starter Cobalt Dragoon 9-60F Metal Coat: White J.League Ver.,Starter,LOW_05,6000,1999.0,33.31666666666667,2.792019285939879,-1.5489601475102328,-0.1205747368715889,0.12021163083354174,-0.9823506827100124
BX-00 Starter Cobalt Dragoon 9-60F Metal Coat: White J.League Ver.,Starter,LOW_06,6500,1999.0,30.753846153846155,2.756559999248211,-1.6052428865459378,-0.11963200154587836,0.1045992703205104,-0.9874390367325426
BX-00 Starter Cobalt Dragoon 9-60F Metal Coat: White J.League Ver.,Starter,LOW_07,7000,1999.0,28.557142857142857,2.7261663249410666,-1.653485234290828,-0.11882394269526927,0.09121724702362642,-0.9918004830375685
BX-00 Starter Cobalt Dragoon 9-60F Metal Coat: White J.League Ver.,Starter,LOW_08,7500,1999.0,26.653333333333336,2.699825140541542,-1.6952952690030658,-0.11812362502474141,0.07961949349966034,-0.9955804031685909
BX-00 Starter Cobalt Dragoon 9-60F Metal Coat: White J.League Ver.,Starter,LOW_09,8000,1999.0,24.9875,2.6767766041919576,-1.7318790493762741,-0.11751084706302953,0.06947145916619,-0.9988878332832355
BX-00 Starter Cobalt Dragoon 9-60F Metal Coat: White J.League Ver.,Starter,LOW_10,8500,1999.0,23.517647058823528,2.656439660354089,-1.7641588555879284,-0.11697016062622492,0.06051731122489261,-1.0018061539726277
BX-00 Starter Cobalt Dragoon 9-60F Metal Coat: White J.League Ver.,Starter,LOW_11,8999,1999.0,22.2135792865874,2.638396526716847,-1.7927978124491182,-0.11649045838025893,0.052573104405988544,-1.0043953163666834
BX-00 CoroCoro Croc Crunch 2-60Q Metal Coat: Green,Other,LOW_01,4001,1999.0,49.96250937265684,-0.9110155002918369,1.3363111898831432,-0.20848651287041062,-0.1271612612671411,-0.02413051095535015
BX-00 CoroCoro Croc Crunch 2-60Q Metal Coat: Green,Other,LOW_02,4500,1999.0,44.422222222222224,-0.9876711339730336,1.2146395650811377,-0.2064485143507457,-0.16091195114401655,-0.0351304784781872
BX-00 CoroCoro Croc Crunch 2-60Q Metal Coat: Green,Other,LOW_03,5000,1999.0,39.98,-1.0491338975719249,1.117082817419249,-0.20481443978618072,-0.1879733760332708,-0.04395029211723949
BX-00 CoroCoro Croc Crunch 2-60Q Metal Coat: Green,Other,LOW_04,5500,1999.0,36.345454545454544,-1.099421613243745,1.03726366024134,-0.20347746968790023,-0.21011454185175157,-0.0511665032764641
BX-00 CoroCoro Croc Crunch 2-60Q Metal Coat: Green,Other,LOW_05,6000,1999.0,33.31666666666667,-1.141328042970262,0.970747695926416,-0.20236332793933318,-0.22856551336715214,-0.05718001257581791
BX-00 CoroCoro Croc Crunch 2-60Q Metal Coat: Green,Other,LOW_06,6500,1999.0,30.753846153846155,-1.17678732966193,0.9144649568907111,-0.20142059261362263,-0.24417787388018344,-0.0622683665983481
BX-00 CoroCoro Croc Crunch 2-60Q Metal Coat: Green,Other,LOW_07,7000,1999.0,28.557142857142857,-1.2071810039690742,0.8662226091458209,-0.20061253376301355,-0.25755989717706745,-0.066629812903374
BX-00 CoroCoro Croc Crunch 2-60Q Metal Coat: Green,Other,LOW_08,7500,1999.0,26.653333333333336,-1.233522188368599,0.8244125744335831,-0.19991221609248563,-0.26915765070103354,-0.0704097330343964
BX-00 CoroCoro Croc Crunch 2-60Q Metal Coat: Green,Other,LOW_09,8000,1999.0,24.9875,-1.2565707247181832,0.7878287940603748,-0.19929943813077375,-0.27930568503450387,-0.073717163149041
BX-00 CoroCoro Croc Crunch 2-60Q Metal Coat: Green,Other,LOW_10,8500,1999.0,23.517647058823528,-1.2769076685560519,0.7555489878487204,-0.19875875169396914,-0.28825983297580127,-0.07663548383843333
BX-00 CoroCoro Croc Crunch 2-60Q Metal Coat: Green,Other,LOW_11,8999,1999.0,22.2135792865874,-1.2949508021932938,0.7269100309875306,-0.1982790494480032,-0.29620403979470533,-0.07922464623248912
BX-00 CoroCoro Hells Scythe 3-80F 3 in 1,Other,LOW_01,4001,2799.0,69.95751062234442,-0.26509481517653105,1.9820443830653451,-0.4228841547131742,-0.02519591638906261,-0.07644868568261963
BX-00 CoroCoro Hells Scythe 3-80F 3 in 1,Other,LOW_02,4500,2799.0,62.2,-0.37242804112634087,1.8116797618443279,-0.4200305489820375,-0.07245363573142094,-0.09185084130864306
BX-00 CoroCoro Hells Scythe 3-80F 3 in 1,Other,LOW_03,5000,2799.0,55.98,-0.4584882088668597,1.675080794007596,-0.41774251761324444,-0.11034504556885101,-0.10420034524846668
BX-00 CoroCoro Hells Scythe 3-80F 3 in 1,Other,LOW_04,5500,2799.0,50.89090909090908,-0.5289010733818296,1.5633180021411792,-0.4158704919478683,-0.14134710816311197,-0.11430448483559509
BX-00 CoroCoro Hells Scythe 3-80F 3 in 1,Other,LOW_05,6000,2799.0,46.650000000000006,-0.5875784604776375,1.4701823422524989,-0.41431047056005477,-0.167182160324996,-0.12272460115820207
BX-00 CoroCoro Hells Scythe 3-80F 3 in 1,Other,LOW_06,6500,2799.0,43.06153846153846,-0.6372285572510138,1.391375245423615,-0.4129904524626741,-0.1890425890773595,-0.12984931496963878
BX-00 CoroCoro Hells Scythe 3-80F 3 in 1,Other,LOW_07,7000,2799.0,39.98571428571429,-0.6797857830567648,1.323826305284572,-0.41185900837920497,-0.20778009943652817,-0.13595621252229878
BX-00 CoroCoro Hells Scythe 3-80F 3 in 1,Other,LOW_08,7500,2799.0,37.32,-0.7166687120884158,1.2652838904974013,-0.4108784235068651,-0.22401927508114103,-0.14124885706793747
BX-00 CoroCoro Hells Scythe 3-80F 3 in 1,Other,LOW_09,8000,2799.0,34.9875,-0.7489412749911103,1.214059277558627,-0.4100204117435676,-0.23822855377017732,-0.14587992104537134
BX-00 CoroCoro Hells Scythe 3-80F 3 in 1,Other,LOW_10,8500,2799.0,32.92941176470588,-0.7774170657876055,1.1688610896714733,-0.4092633425406582,-0.2507661526134446,-0.14996615396663648
BX-00 CoroCoro Hells Scythe 3-80F 3 in 1,Other,LOW_11,8999,2799.0,31.10345593954884,-0.8026810633116878,1.1287608194091068,-0.40859166340786235,-0.2618896317960922,-0.15359149940983918
BX-00 CoroCoro Phoenix Wing 9-80DB Metal Coat: Navy,Other,LOW_01,4001,6599.0,164.93376655836042,3.022632587019918,4.9250248665198555,-1.4147152291532963,0.5443667188148793,-0.3513337224775531
BX-00 CoroCoro Phoenix Wing 9-80DB Metal Coat: Navy,Other,LOW_02,4500,6599.0,146.64444444444445,2.7695807977941973,4.523368512308533,-1.407987489167669,0.43295060951147707,-0.387646271593712
BX-00 CoroCoro Phoenix Wing 9-80DB Metal Coat: Navy,Other,LOW_03,5000,6599.0,131.98000000000002,2.5666829603809487,4.201318998641298,-1.4025931629787922,0.3436167711702123,-0.41676180446219924
BX-00 CoroCoro Phoenix Wing 9-80DB Metal Coat: Navy,Other,LOW_04,5500,6599.0,119.98181818181818,2.400675638861018,3.9378239420044694,-1.3981796233697115,0.27052544889099533,-0.4405836040818707
BX-00 CoroCoro Phoenix Wing 9-80DB Metal Coat: Navy,Other,LOW_05,6000,6599.0,109.98333333333336,2.262336204261076,3.7182447281404465,-1.3945016736954774,0.20961601365831484,-0.46043510376493013
BX-00 CoroCoro Phoenix Wing 9-80DB Metal Coat: Navy,Other,LOW_06,6500,6599.0,101.52307692307691,2.145279759599586,3.5324469317939635,-1.3913895624326638,0.1580772607691232,-0.4772325265736729
BX-00 CoroCoro Phoenix Wing 9-80DB Metal Coat: Navy,Other,LOW_07,7000,6599.0,94.27142857142856,2.0449456641754518,3.3731916777826934,-1.3887220384931094,0.11390118686410204,-0.4916303175525952
BX-00 CoroCoro Phoenix Wing 9-80DB Metal Coat: Navy,Other,LOW_08,7500,6599.0,87.98666666666666,1.9579894481412026,3.235170457639593,-1.3864101844121623,0.07561525614641705,-0.5041084030676612
BX-00 CoroCoro Phoenix Wing 9-80DB Metal Coat: Navy,Other,LOW_09,8000,6599.0,82.4875,1.8819027591112343,3.11440189001438,-1.3843873120913335,0.04211506676844272,-0.5150267278933439
BX-00 CoroCoro Phoenix Wing 9-80DB Metal Coat: Navy,Other,LOW_10,8500,6599.0,77.63529411764706,1.8147674452612623,3.0078413891686036,-1.3826024247494257,0.01255607614081833,-0.5246605439160051
BX-00 CoroCoro Phoenix Wing 9-80DB Metal Coat: Navy,Other,LOW_11,8999,6599.0,73.33037004111567,1.7552043442746885,2.9132998802506482,-1.3810188554041885,-0.01366894676961111,-0.5332077588426556
BX-00 CoroCoro Starter Cobalt Dragoon 2-60C Metal Coat: Black,Starter,LOW_01,4001,1999.0,49.96250937265684,0.7519720244827259,0.2832145176389973,0.4625739315128879,-0.3217128352263456,-0.3287757482660449
BX-00 CoroCoro Starter Cobalt Dragoon 2-60C Metal Coat: Black,Starter,LOW_02,4500,1999.0,44.422222222222224,0.6753163908015293,0.16154289283699175,0.4646119300325528,-0.355463525103221,-0.33977571578888194
BX-00 CoroCoro Starter Cobalt Dragoon 2-60C Metal Coat: Black,Starter,LOW_03,5000,1999.0,39.98,0.6138536272026378,0.063986145175103,0.4662460045971178,-0.38252494999247527,-0.3485955294279342
BX-00 CoroCoro Starter Cobalt Dragoon 2-60C Metal Coat: Black,Starter,LOW_04,5500,1999.0,36.345454545454544,0.5635659115308176,-0.01583301200280586,0.4675829746953983,-0.404666115810956,-0.3558117405871588
BX-00 CoroCoro Starter Cobalt Dragoon 2-60C Metal Coat: Black,Starter,LOW_05,6000,1999.0,33.31666666666667,0.5216594818043009,-0.08234897631772982,0.46869711644396533,-0.42311708732635656,-0.36182524988651266
BX-00 CoroCoro Starter Cobalt Dragoon 2-60C Metal Coat: Black,Starter,LOW_06,6500,1999.0,30.753846153846155,0.4862001951126326,-0.13863171535343483,0.4696398517696759,-0.4387294478393879,-0.3669136039090428
BX-00 CoroCoro Starter Cobalt Dragoon 2-60C Metal Coat: Black,Starter,LOW_07,7000,1999.0,28.557142857142857,0.4558065208054885,-0.18687406309832483,0.47044791062028496,-0.45211147113627187,-0.37127505021406876
BX-00 CoroCoro Starter Cobalt Dragoon 2-60C Metal Coat: Black,Starter,LOW_08,7500,1999.0,26.653333333333336,0.4294653364059637,-0.2286840978105627,0.4711482282908128,-0.46370922466023795,-0.37505497034509117
BX-00 CoroCoro Starter Cobalt Dragoon 2-60C Metal Coat: Black,Starter,LOW_09,8000,1999.0,24.9875,0.4064168000563794,-0.265267878183771,0.4717610062525247,-0.4738572589937083,-0.37836240045973574
BX-00 CoroCoro Starter Cobalt Dragoon 2-60C Metal Coat: Black,Starter,LOW_10,8500,1999.0,23.517647058823528,0.38607985621851093,-0.2975476843954254,0.4723016926893293,-0.4828114069350057,-0.3812807211491281
BX-00 CoroCoro Starter Cobalt Dragoon 2-60C Metal Coat: Black,Starter,LOW_11,8999,1999.0,22.2135792865874,0.36803672258126885,-0.32618664125661523,0.4727813949352953,-0.49075561375390975,-0.38386988354318385
BX-00 Starter Dran Sword 1-60V Metal Coat: Black J.League Ver.,Starter,LOW_01,4001,1999.0,49.96250937265684,2.901568442017398,-1.086463666384134,-0.005562799011449772,0.2278265166166787,-0.880136219827419
BX-00 Starter Dran Sword 1-60V Metal Coat: Black J.League Ver.,Starter,LOW_02,4500,1999.0,44.422222222222224,2.8249128083362014,-1.2081352911861396,-0.0035248004917848644,0.19407582673980323,-0.891136187350256
BX-00 Starter Dran Sword 1-60V Metal Coat: Black J.League Ver.,Starter,LOW_03,5000,1999.0,39.98,2.76345004473731,-1.3056920388480284,-0.0018907259272198734,0.1670144018505489,-0.8999560009893084
BX-00 Starter Dran Sword 1-60V Metal Coat: Black J.League Ver.,Starter,LOW_04,5500,1999.0,36.345454545454544,2.7131623290654896,-1.3855111960259372,-0.0005537558289393855,0.14487323603206817,-0.9071722121485329
BX-00 Starter Dran Sword 1-60V Metal Coat: Black J.League Ver.,Starter,LOW_05,6000,1999.0,33.31666666666667,2.671255899338973,-1.4520271603408612,0.0005603859196276691,0.12642226451666763,-0.9131857214478868
BX-00 Starter Dran Sword 1-60V Metal Coat: Black J.League Ver.,Starter,LOW_06,6500,1999.0,30.753846153846155,2.635796612647305,-1.5083098993765662,0.001503121245338197,0.11080990400363629,-0.918274075470417
BX-00 Starter Dran Sword 1-60V Metal Coat: Black J.League Ver.,Starter,LOW_07,7000,1999.0,28.557142857142857,2.6054029383401605,-1.5565522471214561,0.002311180095947281,0.0974278807067523,-0.9226355217754428
BX-00 Starter Dran Sword 1-60V Metal Coat: Black J.League Ver.,Starter,LOW_08,7500,1999.0,26.653333333333336,2.579061753940636,-1.598362281833694,0.003011497766475142,0.08583012718278622,-0.9264154419064653
BX-00 Starter Dran Sword 1-60V Metal Coat: Black J.League Ver.,Starter,LOW_09,8000,1999.0,24.9875,2.5560132175910515,-1.6349460622069023,0.0036242757281870278,0.07568209284931589,-0.9297228720211098
BX-00 Starter Dran Sword 1-60V Metal Coat: Black J.League Ver.,Starter,LOW_10,8500,1999.0,23.517647058823528,2.5356762737531833,-1.6672258684185568,0.004164962164991633,0.06672794490801849,-0.9326411927105022
BX-00 Starter Dran Sword 1-60V Metal Coat: Black J.League Ver.,Starter,LOW_11,8999,1999.0,22.2135792865874,2.517633140115941,-1.6958648252797466,0.004644664410957629,0.058783738089114426,-0.935230355104558
BX-00 G3 Tournament Prize Knight Shield 3-80N Metal Coat: Gold,Other,LOW_01,4001,4799.0,119.94501374656336,0.8081356629924403,3.950911657998894,-0.7960621219336032,0.10881285154239799,-0.05026358683782559
BX-00 G3 Tournament Prize Knight Shield 3-80N Metal Coat: Gold,Other,LOW_02,4500,4799.0,106.64444444444445,0.6241084563710979,3.6588145457303476,-0.7911694981737872,0.027787558536332347,-0.07667121272181507
BX-00 G3 Tournament Prize Knight Shield 3-80N Metal Coat: Gold,Other,LOW_03,5000,4799.0,95.98,0.4765547782765109,3.424610027456509,-0.7872465747944238,-0.037178813671537136,-0.09784494241356691
BX-00 G3 Tournament Prize Knight Shield 3-80N Metal Coat: Gold,Other,LOW_04,5500,4799.0,87.25454545454545,0.35582904165366686,3.232988148868823,-0.7840369102113082,-0.09033311820524856,-0.11516890307045481
BX-00 G3 Tournament Prize Knight Shield 3-80N Metal Coat: Gold,Other,LOW_05,6000,4799.0,79.98333333333333,0.2552242611346302,3.073303250045751,-0.7813621897253787,-0.1346283719833414,-0.1296055369511947
BX-00 G3 Tournament Prize Knight Shield 3-80N Metal Coat: Gold,Other,LOW_06,6500,4799.0,73.83076923076923,0.17009713915698388,2.9381852587339212,-0.7790989646988228,-0.17210897133403527,-0.14182115023489766
BX-00 G3 Tournament Prize Knight Shield 3-80N Metal Coat: Gold,Other,LOW_07,7000,4799.0,68.55714285714286,0.09713103460471527,2.8223698376094957,-0.7771590575332036,-0.2042351993489158,-0.1522916759066431
BX-00 G3 Tournament Prize Knight Shield 3-80N Metal Coat: Gold,Other,LOW_08,7500,4799.0,63.98666666666667,0.03389374399274923,2.721996472634993,-0.7754778046563336,-0.23207793029514565,-0.16136613148882248
BX-00 G3 Tournament Prize Knight Shield 3-80N Metal Coat: Gold,Other,LOW_09,8000,4799.0,59.9875,-0.021438885292720825,2.6341697782823035,-0.7740067083890724,-0.25644031987309673,-0.16930628012322949
BX-00 G3 Tournament Prize Knight Shield 3-80N Metal Coat: Gold,Other,LOW_10,8500,4799.0,56.45882352941176,-0.07026179348578283,2.5566756362064007,-0.7727086822709005,-0.27793654597128886,-0.1763122936241768
BX-00 G3 Tournament Prize Knight Shield 3-80N Metal Coat: Gold,Other,LOW_11,8999,4799.0,53.32814757195244,-0.1135779507269657,2.4879220824410933,-0.7715570609210302,-0.2970082060632952,-0.1825280966902467
BX-00 Random Booster Lightning L drago 1-60F,Booster,LOW_01,4001,1259.0,31.467133216695824,2.340753448860428,-2.347961720810387,-2.59563364589676,1.9780812860988553,0.40933602335793406
BX-00 Random Booster Lightning L drago 1-60F,Booster,LOW_02,4500,1259.0,27.977777777777774,2.292474588027698,-2.4245923239248066,-2.5943500840477065,1.9568245984775514,0.4024080798305445
BX-00 Random Booster Lightning L drago 1-60F,Booster,LOW_03,5000,1259.0,25.180000000000003,2.253764423259812,-2.4860350179249657,-2.5933209195270526,1.93978090966536,0.3968532297197056
BX-00 Random Booster Lightning L drago 1-60F,Booster,LOW_04,5500,1259.0,22.89090909090909,2.222092470267905,-2.536306313016005,-2.5924788758283355,1.925836073364476,0.392308352356292
BX-00 Random Booster Lightning L drago 1-60F,Booster,LOW_05,6000,1259.0,20.98333333333333,2.1956991761079827,-2.5781990589252044,-2.5917771727460712,1.9142153764470724,0.3885209545534474
BX-00 Random Booster Lightning L drago 1-60F,Booster,LOW_06,6500,1259.0,19.369230769230768,2.173366388741895,-2.613646767002219,-2.591183423984156,1.9043824790554233,0.3853162333356557
BX-00 Random Booster Lightning L drago 1-60F,Booster,LOW_07,7000,1259.0,17.985714285714284,2.154223999570962,-2.6440305167825175,-2.590674496473942,1.8959542812911527,0.38256932943469146
BX-00 Random Booster Lightning L drago 1-60F,Booster,LOW_08,7500,1259.0,16.786666666666665,2.137633928956154,-2.6703630999254426,-2.5902334259650903,1.888649843228785,0.38018867938718914
BX-00 Random Booster Lightning L drago 1-60F,Booster,LOW_09,8000,1259.0,15.7375,2.1231176171681967,-2.693404110175502,-2.5898474892698453,1.8822584599242131,0.37810561059562453
BX-00 Random Booster Lightning L drago 1-60F,Booster,LOW_10,8500,1259.0,14.811764705882352,2.110309106767058,-2.7137344133373196,-2.5895069568916878,1.876619004067238,0.37626760872071463
BX-00 Random Booster Lightning L drago 1-60F,Booster,LOW_11,8999,1259.0,13.990443382598066,2.098945272225143,-2.7317716553024214,-2.5892048332660393,1.8716156241847965,0.37463691564711965
BX-00 Starter Dran Dagger 2-80GP Metal Coat: Black Giants Ver.,Starter,LOW_01,4001,2999.0,74.9562609347663,0.40518929604082243,1.8296355138821483,0.46412106843913636,-0.4822087077944703,-0.09080732251413338
BX-00 Starter Dran Dagger 2-80GP Metal Coat: Black Giants Ver.,Starter,LOW_02,4500,2999.0,66.64444444444445,0.2901866720238594,1.647097643556378,0.46717857597314094,-0.5328431845031993,-0.10731002516595341
BX-00 Starter Dran Dagger 2-80GP Metal Coat: Black Giants Ver.,Starter,LOW_03,5000,2999.0,59.98,0.19797715324793394,1.5007381206759354,0.4696300965429911,-0.5734420905776734,-0.12054195168096987
BX-00 Starter Dran Dagger 2-80GP Metal Coat: Black Giants Ver.,Starter,LOW_04,5500,2999.0,54.52727272727272,0.12253300152217655,1.3809894201373916,0.47163588610014123,-0.6066593773658794,-0.13136807337507422
BX-00 Starter Dran Dagger 2-80GP Metal Coat: Black Giants Ver.,Starter,LOW_05,6000,2999.0,49.98333333333333,0.05966287508404539,1.281198836355272,0.4733073773977663,-0.6343404496893843,-0.14038984145349448
BX-00 Starter Dran Dagger 2-80GP Metal Coat: Black Giants Ver.,Starter,LOW_06,6500,2999.0,46.13846153846154,0.006465075790242309,1.196760650078094,0.47472171618806447,-0.6577628955015808,-0.14802364521215777
BX-00 Starter Dran Dagger 2-80GP Metal Coat: Black Giants Ver.,Starter,LOW_07,7000,2999.0,42.84285714285714,-0.03913303789016059,1.124385061840513,0.4759340065797486,-0.6778392776263207,-0.15456690557672637
BX-00 Starter Dran Dagger 2-80GP Metal Coat: Black Giants Ver.,Starter,LOW_08,7500,2999.0,39.986666666666665,-0.07865140307984292,1.061659552034609,0.47698465825254155,-0.6952388088010952,-0.16023773122601914
BX-00 Starter Dran Dagger 2-80GP Metal Coat: Black Giants Ver.,Starter,LOW_09,8000,2999.0,37.4875,-0.11322997262081508,1.006774730954443,0.47790397846623534,-0.710463398579023,-0.16519970366915027
BX-00 Starter Dran Dagger 2-80GP Metal Coat: Black Giants Ver.,Starter,LOW_10,8500,2999.0,35.28235294117647,-0.14374047515696678,0.9583469476484144,0.47871514336067106,-0.7238968601477828,-0.16957791464838368
BX-00 Starter Dran Dagger 2-80GP Metal Coat: Black Giants Ver.,Starter,LOW_11,8999,2999.0,33.3259251027892,-0.17080968865275928,0.9153813490357539,0.4794348167151743,-0.7358151574213663,-0.17346230585387307
BX-00 Starter Phoenix Wing 9-60GF Metal Coat: Black – Kitani Tatsuya Ver.,Starter,LOW_01,4001,4999.0,124.94376405898528,4.857758295982639,1.620379154789603,-0.7630657124807481,0.469555021838758,-0.9789475359403592
BX-00 Starter Phoenix Wing 9-60GF Metal Coat: Black – Kitani Tatsuya Ver.,Starter,LOW_02,4500,4999.0,111.08888888888887,4.666061691294143,1.316108793416303,-0.7579691869180643,0.3851529714663213,-1.0064557088501451
BX-00 Starter Phoenix Wing 9-60GF Metal Coat: Black – Kitani Tatsuya Ver.,Starter,LOW_03,5000,4999.0,99.98,4.512358662164149,1.0721437200987538,-0.7538827743376437,0.31747910302140797,-1.0285118611170898
BX-00 Starter Phoenix Wing 9-60GF Metal Coat: Black – Kitani Tatsuya Ver.,Starter,LOW_04,5500,4999.0,90.89090909090908,4.386601638330517,0.8725359328389402,-0.7505393458627543,0.26210957429375137,-1.0465578038809535
BX-00 Starter Phoenix Wing 9-60GF Metal Coat: Black – Kitani Tatsuya Ver.,Starter,LOW_05,6000,4999.0,83.31666666666668,4.281804118469158,0.7061961101224299,-0.7477531554670132,0.21596830035403786,-1.0615960895175067
BX-00 Starter Phoenix Wing 9-60GF Metal Coat: Black – Kitani Tatsuya Ver.,Starter,LOW_06,6500,4999.0,76.90769230769232,4.193129293971085,0.5654470293623051,-0.7453956097475398,0.17692568394351094,-1.0743207927484364
BX-00 Starter Phoenix Wing 9-60GF Metal Coat: Black – Kitani Tatsuya Ver.,Starter,LOW_07,7000,4999.0,71.41428571428573,4.117122301544165,0.44480496013934134,-0.7433748562737055,0.14346058416305926,-1.0852276812320905
BX-00 Starter Phoenix Wing 9-60GF Metal Coat: Black – Kitani Tatsuya Ver.,Starter,LOW_08,7500,4999.0,66.65333333333334,4.051249574774167,0.34024850014610564,-0.7416235365963825,0.1144574976866677,-1.0946803179179239
BX-00 Starter Phoenix Wing 9-60GF Metal Coat: Black – Kitani Tatsuya Ver.,Starter,LOW_09,8000,4999.0,62.4875,3.9936109388504195,0.24876159765202466,-0.7400911318787248,0.08907979701982517,-1.1029513750180282
BX-00 Starter Phoenix Wing 9-60GF Metal Coat: Black – Kitani Tatsuya Ver.,Starter,LOW_10,8500,4999.0,58.811764705882354,3.942753318917701,0.1680378601572471,-0.7387390100690269,0.06668770819614052,-1.1102493665769437
BX-00 Starter Phoenix Wing 9-60GF Metal Coat: Black – Kitani Tatsuya Ver.,Starter,LOW_11,8999,4999.0,55.5506167351928,3.8976319457048074,0.09641897804164522,-0.7375393944974491,0.046821230013198226,-1.1167242154053003
BX-00 Starter Storm Pegasus 3-70RA,Starter,LOW_01,4001,1099.0,27.46813296675831,-0.6138249136395979,-0.04044513597270748,0.821825542525146,-0.6080823872885521,-0.11449405759939045
BX-00 Starter Storm Pegasus 3-70RA,Starter,LOW_02,4500,1099.0,24.422222222222224,-0.655968256018605,-0.10733713980332481,0.8229459829319051,-0.6266376690167593,-0.12054156350614277
BX-00 Starter Storm Pegasus 3-70RA,Starter,LOW_03,5000,1099.0,21.98,-0.6897589399581656,-0.1609713897685152,0.8238443560917136,-0.6415153608393158,-0.12539047555682734
BX-00 Starter Storm Pegasus 3-70RA,Starter,LOW_04,5500,1099.0,19.98181818181818,-0.7174058631814425,-0.20485395792185282,0.8245793886770113,-0.6536880177850438,-0.1293577672346602
BX-00 Starter Storm Pegasus 3-70RA,Starter,LOW_05,6000,1099.0,18.316666666666663,-0.7404449658675066,-0.24142276471630103,0.825191915831426,-0.6638318985731505,-0.13266384363285422
BX-00 Starter Storm Pegasus 3-70RA,Starter,LOW_06,6500,1099.0,16.907692307692308,-0.7599395912172531,-0.27236560123467995,0.8257102080390079,-0.6724151823169331,-0.13546129289286454
BX-00 Starter Storm Pegasus 3-70RA,Starter,LOW_07,7000,1099.0,15.7,-0.7766492700884643,-0.29888803253614776,0.8261544585026493,-0.6797722826687468,-0.13785910654430197
BX-00 Starter Storm Pegasus 3-70RA,Starter,LOW_08,7500,1099.0,14.653333333333332,-0.7911309917768474,-0.32187413966408657,0.8265394755711386,-0.6861484363069852,-0.13993721170888107
BX-00 Starter Storm Pegasus 3-70RA,Starter,LOW_09,8000,1099.0,13.7375,-0.8038024982541827,-0.3419869834010329,0.8268763655060668,-0.6917275707404439,-0.14175555372788778
BX-00 Starter Storm Pegasus 3-70RA,Starter,LOW_10,8500,1099.0,12.929411764705884,-0.8149832392635961,-0.35973361022775024,0.8271736213310034,-0.6966503364170251,-0.14335997315642313
BX-00 Starter Storm Pegasus 3-70RA,Starter,LOW_11,8999,1099.0,12.21246805200578,-0.8249029010281429,-0.37547858951261665,0.8274373495792858,-0.7010178618267178,-0.14478342962018867
BX-00 Starter Xeno Excalibur 3-60GF,Starter,LOW_01,4001,1599.0,39.96500874781304,1.4448105496322543,-0.6875166576785109,0.345617551620185,-0.11415680356416008,-0.5643460390091626
BX-00 Starter Xeno Excalibur 3-60GF,Starter,LOW_02,4500,1599.0,35.53333333333333,1.3834937120853643,-0.7848417842710104,0.34724774653411405,-0.14115397870829396,-0.5731449124804064
BX-00 Starter Xeno Excalibur 3-60GF,Starter,LOW_03,5000,1599.0,31.98,1.3343296505572866,-0.8628774218454776,0.348554842696565,-0.1628004111234603,-0.580199880969073
BX-00 Starter Xeno Excalibur 3-60GF,Starter,LOW_04,5500,1599.0,29.07272727272727,1.2941045093070411,-0.9267247616791325,0.3496242850112976,-0.18051112855405096,-0.5859721279143458
BX-00 Starter Xeno Excalibur 3-60GF,Starter,LOW_05,6000,1599.0,26.65,1.26058355826517,-0.9799308782071784,0.3505154869402414,-0.19527005974620984,-0.590782333702073
BX-00 Starter Xeno Excalibur 3-60GF,Starter,LOW_06,6500,1599.0,24.6,1.232219676614356,-1.0249514383462939,0.351269580880117,-0.207758386139575,-0.59485250783015
BX-00 Starter Xeno Excalibur 3-60GF,Starter,LOW_07,7000,1599.0,22.84285714285714,1.2079077780565153,-1.0635404898941074,0.351915947114296,-0.21846266590531663,-0.5983412285113587
BX-00 Starter Xeno Excalibur 3-60GF,Starter,LOW_08,7500,1599.0,21.32,1.1868374659730534,-1.096984334568879,0.35247613118391785,-0.22773970836895932,-0.601364786435073
BX-00 Starter Xeno Excalibur 3-60GF,Starter,LOW_09,8000,1599.0,19.9875,1.1684009429000244,-1.1262476986593042,0.35296629224483694,-0.23585712052464672,-0.604010399618323
BX-00 Starter Xeno Excalibur 3-60GF,Starter,LOW_10,8500,1599.0,18.811764705882357,1.1521334225414692,-1.1520683140332086,0.3533987872985891,-0.24301954301495907,-0.6063447641917789
BX-00 Starter Xeno Excalibur 3-60GF,Starter,LOW_11,8999,1599.0,17.76864096010668,1.1377007208476473,-1.1749766141938105,0.3537825011011402,-0.24937411365199144,-0.6084158350612613
BX-01 Starter Dran Sword 3-60F,Starter,LOW_01,4001,799.0,19.97000749812547,1.0432690104703988,-1.4952353802560296,0.47703095029489057,-0.1652856625168898,-0.5866955343263991
BX-01 Starter Dran Sword 3-60F,Starter,LOW_02,4500,799.0,17.755555555555556,1.0126297651921217,-1.5438675104295176,0.4778455379973479,-0.17877580819554093,-0.5910922196944565
BX-01 Starter Dran Sword 3-60F,Starter,LOW_03,5000,799.0,15.98,0.9880631078056712,-1.582860927829142,0.4784986773555708,-0.1895922556625315,-0.5946174978823519
BX-01 Starter Dran Sword 3-60F,Starter,LOW_04,5500,799.0,14.527272727272727,0.9679631153985755,-1.6147646329742888,0.4790330641032076,-0.19844207631734193,-0.5975018163997207
BX-01 Starter Dran Sword 3-60F,Starter,LOW_05,6000,799.0,13.316666666666666,0.9512131217259957,-1.6413510539285783,0.479478386392905,-0.2058169268630173,-0.5999054151641948
BX-01 Starter Dran Sword 3-60F,Starter,LOW_06,6500,799.0,12.292307692307691,0.9370400501568897,-1.6638472562745155,0.47985519756111045,-0.21205718501705037,-0.6019392295033652
BX-01 Starter Dran Sword 3-60F,Starter,LOW_07,7000,799.0,11.414285714285716,0.9248917030976561,-1.6831297154281757,0.48017817856242945,-0.2174059777205072,-0.6036824989369398
BX-01 Starter Dran Sword 3-60F,Starter,LOW_08,7500,799.0,10.653333333333332,0.9143631356463202,-1.6998411800280147,0.48045809543023926,-0.22204159806350318,-0.6051933324460378
BX-01 Starter Dran Sword 3-60F,Starter,LOW_09,8000,799.0,9.9875,0.9051506391264014,-1.7144637115528738,0.4807030226895728,-0.22609776586362465,-0.6065153117664985
BX-01 Starter Dran Sword 3-60F,Starter,LOW_10,8500,799.0,9.4,0.897021965726473,-1.7273659452512788,0.4809191349772201,-0.22967673745196707,-0.6076817641080816
BX-01 Starter Dran Sword 3-60F,Starter,LOW_11,8999,799.0,8.87876430714524,0.8898101279194912,-1.738812932010704,0.4811108718929414,-0.2328520357252559,-0.6087166519284171
BX-02 Starter Hells Scythe 4-60T,Starter,LOW_01,4001,799.0,19.97000749812547,-0.6085036449202893,-0.44355739519897824,0.8329690236011668,-0.5890368468054015,-0.16454776427868054
BX-02 Starter Hells Scythe 4-60T,Starter,LOW_02,4500,799.0,17.755555555555556,-0.6391428901985664,-0.4921895253724662,0.8337836113036241,-0.6025269924840525,-0.16894444964673794
BX-02 Starter Hells Scythe 4-60T,Starter,LOW_03,5000,799.0,15.98,-0.6637095475850168,-0.5311829427720905,0.834436750661847,-0.613343439951043,-0.1724697278346333
BX-02 Starter Hells Scythe 4-60T,Starter,LOW_04,5500,799.0,14.527272727272727,-0.6838095399921125,-0.5630866479172375,0.8349711374094838,-0.6221932606058534,-0.17535404635200216
BX-02 Starter Hells Scythe 4-60T,Starter,LOW_05,6000,799.0,13.316666666666666,-0.7005595336646923,-0.5896730688715269,0.8354164596991812,-0.6295681111515289,-0.17775764511647626
BX-02 Starter Hells Scythe 4-60T,Starter,LOW_06,6500,799.0,12.292307692307691,-0.7147326052337983,-0.6121692712174641,0.8357932708673866,-0.635808369305562,-0.17979145945564667
BX-02 Starter Hells Scythe 4-60T,Starter,LOW_07,7000,799.0,11.414285714285716,-0.7268809522930318,-0.6314517303711243,0.8361162518687056,-0.6411571620090187,-0.1815347288892213
BX-02 Starter Hells Scythe 4-60T,Starter,LOW_08,7500,799.0,10.653333333333332,-0.7374095197443677,-0.6481631949709633,0.8363961687365155,-0.6457927823520148,-0.18304556239831932
BX-02 Starter Hells Scythe 4-60T,Starter,LOW_09,8000,799.0,9.9875,-0.7466220162642866,-0.6627857264958225,0.836641095995849,-0.6498489501521362,-0.18436754171878006
BX-02 Starter Hells Scythe 4-60T,Starter,LOW_10,8500,799.0,9.4,-0.754750689664215,-0.6756879601942275,0.8368572082834963,-0.6534279217404786,-0.18553399406036306
BX-02 Starter Hells Scythe 4-60T,Starter,LOW_11,8999,799.0,8.87876430714524,-0.7619625274711967,-0.6871349469536526,0.8370489451992176,-0.6566032200137675,-0.18656888188069853
BX-03 Starter Wizard Arrow 4-80B,Starter,LOW_01,4001,799.0,19.97000749812547,-0.2097427098755979,-0.6940813043362637,0.7630124404596539,-0.48049193835998744,-0.26002833858608315
BX-03 Starter Wizard Arrow 4-80B,Starter,LOW_02,4500,799.0,17.755555555555556,-0.24038195515387506,-0.7427134345097516,0.7638270281621112,-0.4939820840386385,-0.2644250239541406
BX-03 Starter Wizard Arrow 4-80B,Starter,LOW_03,5000,799.0,15.98,-0.2649486125403255,-0.7817068519093759,0.7644801675203341,-0.504798531505629,-0.2679503021420359
BX-03 Starter Wizard Arrow 4-80B,Starter,LOW_04,5500,799.0,14.527272727272727,-0.2850486049474212,-0.8136105570545229,0.7650145542679709,-0.5136483521604395,-0.27083462065940483
BX-03 Starter Wizard Arrow 4-80B,Starter,LOW_05,6000,799.0,13.316666666666666,-0.30179859862000097,-0.8401969780088123,0.7654598765576683,-0.5210232027061149,-0.27323821942387894
BX-03 Starter Wizard Arrow 4-80B,Starter,LOW_06,6500,799.0,12.292307692307691,-0.315971670189107,-0.8626931803547495,0.7658366877258738,-0.527263460860148,-0.2752720337630493
BX-03 Starter Wizard Arrow 4-80B,Starter,LOW_07,7000,799.0,11.414285714285716,-0.32812001724834056,-0.8819756395084097,0.7661596687271928,-0.5326122535636048,-0.27701530319662393
BX-03 Starter Wizard Arrow 4-80B,Starter,LOW_08,7500,799.0,10.653333333333332,-0.33864858469967646,-0.8986871041082487,0.7664395855950026,-0.5372478739066008,-0.27852613670572196
BX-03 Starter Wizard Arrow 4-80B,Starter,LOW_09,8000,799.0,9.9875,-0.3478610812195953,-0.9133096356331079,0.7666845128543361,-0.5413040417067222,-0.2798481160261827
BX-03 Starter Wizard Arrow 4-80B,Starter,LOW_10,8500,799.0,9.4,-0.3559897546195237,-0.9262118693315129,0.7669006251419834,-0.5448830132950646,-0.28101456836776567
BX-03 Starter Wizard Arrow 4-80B,Starter,LOW_11,8999,799.0,8.87876430714524,-0.36320159242650546,-0.937658856090938,0.7670923620577047,-0.5480583115683535,-0.2820494561881012
BX-04 Starter Knight Shield 3-80N,Starter,LOW_01,4001,799.0,19.97000749812547,-0.8668138220715764,-0.2758570563209737,0.9039836358733133,-0.6493015972885521,-0.09234870105852823
BX-04 Starter Knight Shield 3-80N,Starter,LOW_02,4500,799.0,17.755555555555556,-0.8974530673498536,-0.32448918649446157,0.9047982235757707,-0.6627917429672031,-0.09674538642658563
BX-04 Starter Knight Shield 3-80N,Starter,LOW_03,5000,799.0,15.98,-0.922019724736304,-0.36348260389408593,0.9054513629339935,-0.6736081904341937,-0.10027066461448099
BX-04 Starter Knight Shield 3-80N,Starter,LOW_04,5500,799.0,14.527272727272727,-0.9421197171433997,-0.3953863090392329,0.9059857496816304,-0.6824580110890042,-0.10315498313184988
BX-04 Starter Knight Shield 3-80N,Starter,LOW_05,6000,799.0,13.316666666666666,-0.9588697108159795,-0.4219727299935223,0.9064310719713278,-0.6898328616346795,-0.10555858189632399
BX-04 Starter Knight Shield 3-80N,Starter,LOW_06,6500,799.0,12.292307692307691,-0.9730427823850855,-0.4444689323394595,0.9068078831395332,-0.6960731197887126,-0.1075923962354944
BX-04 Starter Knight Shield 3-80N,Starter,LOW_07,7000,799.0,11.414285714285716,-0.9851911294443191,-0.4637513914931197,0.9071308641408522,-0.7014219124921695,-0.10933566566906901
BX-04 Starter Knight Shield 3-80N,Starter,LOW_08,7500,799.0,10.653333333333332,-0.9957196968956551,-0.4804628560929587,0.907410781008662,-0.7060575328351654,-0.11084649917816701
BX-04 Starter Knight Shield 3-80N,Starter,LOW_09,8000,799.0,9.9875,-1.0049321934155737,-0.49508538761781784,0.9076557082679956,-0.7101137006352869,-0.11216847849862775
BX-04 Starter Knight Shield 3-80N,Starter,LOW_10,8500,799.0,9.4,-1.0130608668155021,-0.5079876213162229,0.9078718205556429,-0.7136926722236293,-0.11333493084021075
BX-04 Starter Knight Shield 3-80N,Starter,LOW_11,8999,799.0,8.87876430714524,-1.020272704622484,-0.519434608075648,0.9080635574713641,-0.7168679704969181,-0.11436981866054623
BX-05 Booster Wizard Arrow 4-80B,Booster,LOW_01,4001,599.0,14.971257185703571,-1.0305496433279966,-0.44303666759300747,-0.07827754062308614,-0.05690215840185155,-0.2018526871273014
BX-05 Booster Wizard Arrow 4-80B,Booster,LOW_02,4500,599.0,13.311111111111112,-1.0535194905391205,-0.47949554866174227,-0.07766685472349674,-0.06701554671413183,-0.2051488254695622
BX-05 Booster Wizard Arrow 4-80B,Booster,LOW_03,5000,599.0,11.98,-1.071936796890164,-0.5087284110176559,-0.07717720456633095,-0.07512449794407848,-0.20779168108226473
BX-05 Booster Wizard Arrow 4-80B,Booster,LOW_04,5500,599.0,10.89090909090909,-1.0870055020864724,-0.5326462074906761,-0.076776581710468,-0.08175909440494387,-0.20995401749265769
BX-05 Booster Wizard Arrow 4-80B,Booster,LOW_05,6000,599.0,9.983333333333333,-1.0995627564167292,-0.5525777045515263,-0.07644272933058224,-0.08728792478899842,-0.2117559645013185
BX-05 Booster Wizard Arrow 4-80B,Booster,LOW_06,6500,599.0,9.215384615384616,-1.110188125465408,-0.5694428174491687,-0.07616023885529424,-0.09196616588319835,-0.21328068889326224
BX-05 Booster Wizard Arrow 4-80B,Booster,LOW_07,7000,599.0,8.557142857142857,-1.1192955846499901,-0.5838986285042909,-0.07591810416219028,-0.09597608682108406,-0.21458759551492834
BX-05 Booster Wizard Arrow 4-80B,Booster,LOW_08,7500,599.0,7.986666666666667,-1.1271887159432943,-0.5964269980853967,-0.07570825409483353,-0.09945135163391831,-0.21572024792037225
BX-05 Booster Wizard Arrow 4-80B,Booster,LOW_09,8000,599.0,7.4875,-1.1340952058249356,-0.6073893214688644,-0.07552463528589634,-0.10249220834514831,-0.21671131877513572
BX-05 Booster Wizard Arrow 4-80B,Booster,LOW_10,8500,599.0,7.047058823529412,-1.1401891674852074,-0.6170619597483946,-0.07536261868977531,-0.10517531720799829,-0.21758579305875053
BX-05 Booster Wizard Arrow 4-80B,Booster,LOW_11,8999,599.0,6.656295143904877,-1.1455957893204791,-0.6256436181575256,-0.07521887599576146,-0.10755579739035125,-0.21836163511679926
BX-06 Booster Knight Shield 3-80N,Booster,LOW_01,4001,599.0,14.971257185703571,-1.6876207555239753,-0.024812419577717452,0.06269365479057337,-0.22571181733041623,-0.03417304959974644
BX-06 Booster Knight Shield 3-80N,Booster,LOW_02,4500,599.0,13.311111111111112,-1.710590602735099,-0.061271300646452295,0.06330434069016277,-0.23582520564269652,-0.037469187942007244
BX-06 Booster Knight Shield 3-80N,Booster,LOW_03,5000,599.0,11.98,-1.7290079090861425,-0.0905041630023659,0.06379399084732856,-0.24393415687264317,-0.04011204355470977
BX-06 Booster Knight Shield 3-80N,Booster,LOW_04,5500,599.0,10.89090909090909,-1.7440766142824509,-0.11442195947538618,0.06419461370319152,-0.2505687533335086,-0.04227437996510273
BX-06 Booster Knight Shield 3-80N,Booster,LOW_05,6000,599.0,9.983333333333333,-1.7566338686127079,-0.13435345653623634,0.06452846608307727,-0.25609758371756314,-0.04407632697376355
BX-06 Booster Knight Shield 3-80N,Booster,LOW_06,6500,599.0,9.215384615384616,-1.7672592376613867,-0.1512185694338787,0.06481095655836527,-0.26077582481176304,-0.04560105136570728
BX-06 Booster Knight Shield 3-80N,Booster,LOW_07,7000,599.0,8.557142857142857,-1.7763666968459688,-0.16567438048900088,0.06505309125146924,-0.26478574574964875,-0.046907957987373385
BX-06 Booster Knight Shield 3-80N,Booster,LOW_08,7500,599.0,7.986666666666667,-1.784259828139273,-0.17820275007010664,0.06526294131882598,-0.268261010562483,-0.0480406103928173
BX-06 Booster Knight Shield 3-80N,Booster,LOW_09,8000,599.0,7.4875,-1.7911663180209143,-0.18916507345357433,0.06544656012776318,-0.271301867273713,-0.04903168124758076
BX-06 Booster Knight Shield 3-80N,Booster,LOW_10,8500,599.0,7.047058823529412,-1.797260279681186,-0.19883771173310458,0.0656085767238842,-0.273984976136563,-0.049906155531195574
BX-06 Booster Knight Shield 3-80N,Booster,LOW_11,8999,599.0,6.656295143904877,-1.8026669015164578,-0.20741937014223552,0.06575231941789805,-0.27636545631891596,-0.050681997589244306
BX-07 Start Dash Set,Set,LOW_01,4001,2799.0,69.95751062234442,3.580917942256481,0.18511627094117478,0.5375722581692506,-3.3488616006456966,4.095059698450759
BX-07 Start Dash Set,Set,LOW_02,4500,2799.0,62.2,3.473584716306671,0.014751649720157411,0.5404258639003872,-3.396119319988055,4.079657542824735
BX-07 Start Dash Set,Set,LOW_03,5000,2799.0,55.98,3.3875245485661525,-0.12184731811657439,0.5427138952691803,-3.434010729825485,4.067308038884911
BX-07 Start Dash Set,Set,LOW_04,5500,2799.0,50.89090909090908,3.3171116840511825,-0.23361010998299114,0.5445859209345565,-3.465012792419746,4.057203899297783
BX-07 Start Dash Set,Set,LOW_05,6000,2799.0,46.650000000000006,3.2584342969553743,-0.3267457698716713,0.54614594232237,-3.49084784458163,4.048783782975176
BX-07 Start Dash Set,Set,LOW_06,6500,2799.0,43.06153846153846,3.208784200181998,-0.4055528667005551,0.5474659604197506,-3.5127082733339936,4.041659069163739
BX-07 Start Dash Set,Set,LOW_07,7000,2799.0,39.98571428571429,3.1662269743762472,-0.4731018068395981,0.5485974045032197,-3.531445783693162,4.035552171611079
BX-07 Start Dash Set,Set,LOW_08,7500,2799.0,37.32,3.129344045344596,-0.5316442216267687,0.5495779893755597,-3.547684959337775,4.03025952706544
BX-07 Start Dash Set,Set,LOW_09,8000,2799.0,34.9875,3.0970714824419017,-0.5828688345655432,0.550436001138857,-3.5618942380268113,4.025628463088006
BX-07 Start Dash Set,Set,LOW_10,8500,2799.0,32.92941176470588,3.0685956916454065,-0.6280670224526967,0.5511930703417666,-3.5744318368700787,4.021542230166742
BX-07 Start Dash Set,Set,LOW_11,8999,2799.0,31.10345593954884,3.043331694121324,-0.6681672927150633,0.5518647494745623,-3.585555316052726,4.0179168847235385
BX-08 3on3 Deck Set,Deck Set,LOW_01,4001,1599.0,39.96500874781304,-0.5695264214399254,0.5520396495634651,2.1002144045949147,2.226191775191295,0.9404601908212773
BX-08 3on3 Deck Set,Deck Set,LOW_02,4500,1599.0,35.53333333333333,-0.6308432589868155,0.45471452297096554,2.1018445995088437,2.199194600047161,0.9316613173500334
BX-08 3on3 Deck Set,Deck Set,LOW_03,5000,1599.0,31.98,-0.6800073205148931,0.3766788853964984,2.103151695671295,2.177548167631995,0.9246063488613667
BX-08 3on3 Deck Set,Deck Set,LOW_04,5500,1599.0,29.07272727272727,-0.7202324617651386,0.31283154556284337,2.1042211379860274,2.159837450201404,0.9188341019160942
BX-08 3on3 Deck Set,Deck Set,LOW_05,6000,1599.0,26.65,-0.7537534128070097,0.25962542903479763,2.1051123399149714,2.1450785190092456,0.9140238961283669
BX-08 3on3 Deck Set,Deck Set,LOW_06,6500,1599.0,24.6,-0.7821172944578237,0.21460486889568192,2.105866433854847,2.13259019261588,0.90995372200029
BX-08 3on3 Deck Set,Deck Set,LOW_07,7000,1599.0,22.84285714285714,-0.8064291930156644,0.17601581734786848,2.1065128000890256,2.121885912850139,0.9064650013190811
BX-08 3on3 Deck Set,Deck Set,LOW_08,7500,1599.0,21.32,-0.8274995050991262,0.1425719726730969,2.1070729841586475,2.112608870386496,0.9034414433953668
BX-08 3on3 Deck Set,Deck Set,LOW_09,8000,1599.0,19.9875,-0.8459360281721553,0.11330860858267171,2.107563145219567,2.1044914582308087,0.9007958302121168
BX-08 3on3 Deck Set,Deck Set,LOW_10,8500,1599.0,18.811764705882357,-0.8622035485307104,0.08748799320876716,2.107995640273319,2.097329035740496,0.8984614656386609
BX-08 3on3 Deck Set,Deck Set,LOW_11,8999,1599.0,17.76864096010668,-0.8766362502245324,0.06457969304816541,2.10837935407587,2.090974465103464,0.8963903947691787
BX-13 Booster Knight Lance 4-80HN,Booster,LOW_01,4001,599.0,14.971257185703571,-1.740567550046846,0.009643231916770169,0.07763648535116086,-0.23791329434650463,-0.019218416810377708
BX-13 Booster Knight Lance 4-80HN,Booster,LOW_02,4500,599.0,13.311111111111112,-1.7635373972579698,-0.02681564915196468,0.07824717125075026,-0.24802668265878489,-0.022514555152638515
BX-13 Booster Knight Lance 4-80HN,Booster,LOW_03,5000,599.0,11.98,-1.7819547036090133,-0.056048511507878276,0.07873682140791605,-0.25613563388873156,-0.025157410765341042
BX-13 Booster Knight Lance 4-80HN,Booster,LOW_04,5500,599.0,10.89090909090909,-1.7970234088053216,-0.07996630798089857,0.079137444263779,-0.26277023034959696,-0.027319747175734
BX-13 Booster Knight Lance 4-80HN,Booster,LOW_05,6000,599.0,9.983333333333333,-1.8095806631355786,-0.09989780504174874,0.07947129664366476,-0.2682990607336515,-0.02912169418439482
BX-13 Booster Knight Lance 4-80HN,Booster,LOW_06,6500,599.0,9.215384615384616,-1.8202060321842575,-0.1167629179393911,0.07975378711895276,-0.2729773018278514,-0.03064641857633855
BX-13 Booster Knight Lance 4-80HN,Booster,LOW_07,7000,599.0,8.557142857142857,-1.8293134913688396,-0.13121872899451326,0.07999592181205673,-0.2769872227657371,-0.03195332519800465
BX-13 Booster Knight Lance 4-80HN,Booster,LOW_08,7500,599.0,7.986666666666667,-1.8372066226621437,-0.14374709857561907,0.08020577187941347,-0.2804624875785714,-0.033085977603448564
BX-13 Booster Knight Lance 4-80HN,Booster,LOW_09,8000,599.0,7.4875,-1.844113112543785,-0.15470942195908677,0.08038939068835066,-0.2835033442898014,-0.03407704845821203
BX-13 Booster Knight Lance 4-80HN,Booster,LOW_10,8500,599.0,7.047058823529412,-1.8502070742040568,-0.164382060238617,0.08055140728447169,-0.28618645315265134,-0.03495152274182684
BX-13 Booster Knight Lance 4-80HN,Booster,LOW_11,8999,599.0,6.656295143904877,-1.8556136960393286,-0.17296371864774795,0.08069514997848554,-0.2885669333350043,-0.03572736479987557
BX-15 Starter Leon Claw 5-60P,Starter,LOW_01,4001,799.0,19.97000749812547,0.34129555041221266,-1.0543219914109847,0.5996805936605576,-0.3565625845832866,-0.4188145473199334
BX-15 Starter Leon Claw 5-60P,Starter,LOW_02,4500,799.0,17.755555555555556,0.3106563051339355,-1.1029541215844727,0.6004951813630149,-0.3700527302619377,-0.42321123268799077
BX-15 Starter Leon Claw 5-60P,Starter,LOW_03,5000,799.0,15.98,0.28608964774748513,-1.141947538984097,0.6011483207212378,-0.38086917772892825,-0.42673651087588615
BX-15 Starter Leon Claw 5-60P,Starter,LOW_04,5500,799.0,14.527272727272727,0.26598965534038943,-1.173851244129244,0.6016827074688746,-0.3897189983837387,-0.429620829393255
BX-15 Starter Leon Claw 5-60P,Starter,LOW_05,6000,799.0,13.316666666666666,0.24923966166780967,-1.2004376650835333,0.602128029758572,-0.3970938489294141,-0.4320244281577291
BX-15 Starter Leon Claw 5-60P,Starter,LOW_06,6500,799.0,12.292307692307691,0.23506659009870368,-1.2229338674294705,0.6025048409267775,-0.40333410708344714,-0.43405824249689956
BX-15 Starter Leon Claw 5-60P,Starter,LOW_07,7000,799.0,11.414285714285716,0.2229182430394701,-1.2422163265831307,0.6028278219280965,-0.408682899786904,-0.4358015119304742
BX-15 Starter Leon Claw 5-60P,Starter,LOW_08,7500,799.0,10.653333333333332,0.2123896755881342,-1.2589277911829697,0.6031077387959063,-0.41331852012989995,-0.43731234543957215
BX-15 Starter Leon Claw 5-60P,Starter,LOW_09,8000,799.0,9.9875,0.20317717906821536,-1.2735503227078289,0.6033526660552399,-0.4173746879300214,-0.4386343247600329
BX-15 Starter Leon Claw 5-60P,Starter,LOW_10,8500,799.0,9.4,0.19504850566828696,-1.286452556406234,0.6035687783428871,-0.42095365951836383,-0.4398007771016159
BX-15 Starter Leon Claw 5-60P,Starter,LOW_11,8999,799.0,8.87876430714524,0.18783666786130518,-1.297899543165659,0.6037605152586084,-0.42412895779165266,-0.44083566492195136
